date,firm_id,equity_vol
2020-01-02,AAPL,0.4678
2020-01-03,AAPL,0.4678
2020-01-06,AAPL,0.4678
2020-01-07,AAPL,0.4678
2020-01-08,AAPL,0.4678
2020-01-09,AAPL,0.4678
2020-01-10,AAPL,0.4678
2020-01-13,AAPL,0.4678
2020-01-14,AAPL,0.4678
2020-01-15,AAPL,0.4678
2020-01-16,AAPL,0.4678
2020-01-17,AAPL,0.4678
2020-01-21,AAPL,0.4678
2020-01-22,AAPL,0.4678
2020-01-23,AAPL,0.4678
2020-01-24,AAPL,0.4678
2020-01-27,AAPL,0.4678
2020-01-28,AAPL,0.4678
2020-01-29,AAPL,0.4678
2020-01-30,AAPL,0.4678
2020-01-31,AAPL,0.4678
2020-02-03,AAPL,0.4678
2020-02-04,AAPL,0.4678
2020-02-05,AAPL,0.4678
2020-02-06,AAPL,0.4678
2020-02-07,AAPL,0.4678
2020-02-10,AAPL,0.4678
2020-02-11,AAPL,0.4678
2020-02-12,AAPL,0.4678
2020-02-13,AAPL,0.4678
2020-02-14,AAPL,0.2622
2020-02-18,AAPL,0.2669
2020-02-19,AAPL,0.2687
2020-02-20,AAPL,0.2705
2020-02-21,AAPL,0.2769
2020-02-24,AAPL,0.3042
2020-02-25,AAPL,0.3186
2020-02-26,AAPL,0.3154
2020-02-27,AAPL,0.3634
2020-02-28,AAPL,0.3636
2020-03-02,AAPL,0.4581
2020-03-03,AAPL,0.4648
2020-03-04,AAPL,0.4859
2020-03-05,AAPL,0.4941
2020-03-06,AAPL,0.4946
2020-03-09,AAPL,0.5419
2020-03-10,AAPL,0.581
2020-03-11,AAPL,0.5812
2020-03-12,AAPL,0.6374
2020-03-13,AAPL,0.7373
2020-03-16,AAPL,0.8139
2020-03-17,AAPL,0.8271
2020-03-18,AAPL,0.8207
2020-03-19,AAPL,0.8194
2020-03-20,AAPL,0.8329
2020-03-23,AAPL,0.8334
2020-03-24,AAPL,0.8925
2020-03-25,AAPL,0.8925
2020-03-26,AAPL,0.9051
2020-03-27,AAPL,0.9108
2020-03-30,AAPL,0.9165
2020-03-31,AAPL,0.9159
2020-04-01,AAPL,0.9235
2020-04-02,AAPL,0.9263
2020-04-03,AAPL,0.9254
2020-04-06,AAPL,0.956
2020-04-07,AAPL,0.9518
2020-04-08,AAPL,0.9538
2020-04-09,AAPL,0.9345
2020-04-13,AAPL,0.9361
2020-04-14,AAPL,0.9076
2020-04-15,AAPL,0.9031
2020-04-16,AAPL,0.8931
2020-04-17,AAPL,0.8889
2020-04-20,AAPL,0.8901
2020-04-21,AAPL,0.8634
2020-04-22,AAPL,0.8416
2020-04-23,AAPL,0.8352
2020-04-24,AAPL,0.7826
2020-04-27,AAPL,0.7037
2020-04-28,AAPL,0.589
2020-04-29,AAPL,0.5835
2020-04-30,AAPL,0.5784
2020-05-01,AAPL,0.5807
2020-05-04,AAPL,0.5421
2020-05-05,AAPL,0.5348
2020-05-06,AAPL,0.4612
2020-05-07,AAPL,0.4598
2020-05-08,AAPL,0.4425
2020-05-11,AAPL,0.419
2020-05-12,AAPL,0.4184
2020-05-13,AAPL,0.4213
2020-05-14,AAPL,0.3819
2020-05-15,AAPL,0.3834
2020-05-18,AAPL,0.3799
2020-05-19,AAPL,0.3016
2020-05-20,AAPL,0.2991
2020-05-21,AAPL,0.2968
2020-05-22,AAPL,0.2968
2020-05-26,AAPL,0.2962
2020-05-27,AAPL,0.2632
2020-05-28,AAPL,0.2606
2020-05-29,AAPL,0.2607
2020-06-01,AAPL,0.2566
2020-06-02,AAPL,0.2451
2020-06-03,AAPL,0.2197
2020-06-04,AAPL,0.2135
2020-06-05,AAPL,0.2218
2020-06-08,AAPL,0.2113
2020-06-09,AAPL,0.2236
2020-06-10,AAPL,0.2193
2020-06-11,AAPL,0.2612
2020-06-12,AAPL,0.2571
2020-06-15,AAPL,0.25
2020-06-16,AAPL,0.256
2020-06-17,AAPL,0.2556
2020-06-18,AAPL,0.2557
2020-06-19,AAPL,0.2573
2020-06-22,AAPL,0.2589
2020-06-23,AAPL,0.2614
2020-06-24,AAPL,0.2654
2020-06-25,AAPL,0.2614
2020-06-26,AAPL,0.282
2020-06-29,AAPL,0.2851
2020-06-30,AAPL,0.2801
2020-07-01,AAPL,0.2791
2020-07-02,AAPL,0.2761
2020-07-06,AAPL,0.2809
2020-07-07,AAPL,0.2821
2020-07-08,AAPL,0.2843
2020-07-09,AAPL,0.2843
2020-07-10,AAPL,0.2841
2020-07-13,AAPL,0.2851
2020-07-14,AAPL,0.2861
2020-07-15,AAPL,0.2861
2020-07-16,AAPL,0.2912
2020-07-17,AAPL,0.289
2020-07-20,AAPL,0.2848
2020-07-21,AAPL,0.2904
2020-07-22,AAPL,0.2795
2020-07-23,AAPL,0.3069
2020-07-24,AAPL,0.2686
2020-07-27,AAPL,0.2746
2020-07-28,AAPL,0.2795
2020-07-29,AAPL,0.2749
2020-07-30,AAPL,0.276
2020-07-31,AAPL,0.4031
2020-08-03,AAPL,0.4049
2020-08-04,AAPL,0.401
2020-08-05,AAPL,0.3988
2020-08-06,AAPL,0.4003
2020-08-07,AAPL,0.4098
2020-08-10,AAPL,0.3944
2020-08-11,AAPL,0.4069
2020-08-12,AAPL,0.4141
2020-08-13,AAPL,0.4141
2020-08-14,AAPL,0.4143
2020-08-17,AAPL,0.4115
2020-08-18,AAPL,0.4104
2020-08-19,AAPL,0.408
2020-08-20,AAPL,0.4103
2020-08-21,AAPL,0.4293
2020-08-24,AAPL,0.4274
2020-08-25,AAPL,0.4299
2020-08-26,AAPL,0.4301
2020-08-27,AAPL,0.4299
2020-08-28,AAPL,0.4298
2020-08-31,AAPL,0.4345
2020-09-01,AAPL,0.4373
2020-09-02,AAPL,0.4465
2020-09-03,AAPL,0.493
2020-09-04,AAPL,0.4924
2020-09-08,AAPL,0.5381
2020-09-09,AAPL,0.542
2020-09-10,AAPL,0.5537
2020-09-11,AAPL,0.5563
2020-09-14,AAPL,0.4774
2020-09-15,AAPL,0.4728
2020-09-16,AAPL,0.4816
2020-09-17,AAPL,0.4841
2020-09-18,AAPL,0.4816
2020-09-21,AAPL,0.4859
2020-09-22,AAPL,0.4862
2020-09-23,AAPL,0.494
2020-09-24,AAPL,0.4848
2020-09-25,AAPL,0.4948
2020-09-28,AAPL,0.4997
2020-09-29,AAPL,0.5002
2020-09-30,AAPL,0.5015
2020-10-01,AAPL,0.502
2020-10-02,AAPL,0.5067
2020-10-05,AAPL,0.4913
2020-10-06,AAPL,0.4956
2020-10-07,AAPL,0.4987
2020-10-08,AAPL,0.4964
2020-10-09,AAPL,0.499
2020-10-12,AAPL,0.5336
2020-10-13,AAPL,0.5294
2020-10-14,AAPL,0.5147
2020-10-15,AAPL,0.512
2020-10-16,AAPL,0.4577
2020-10-19,AAPL,0.4636
2020-10-20,AAPL,0.4202
2020-10-21,AAPL,0.4047
2020-10-22,AAPL,0.3938
2020-10-23,AAPL,0.3921
2020-10-26,AAPL,0.3825
2020-10-27,AAPL,0.3844
2020-10-28,AAPL,0.3987
2020-10-29,AAPL,0.4097
2020-10-30,AAPL,0.4324
2020-11-02,AAPL,0.4233
2020-11-03,AAPL,0.4232
2020-11-04,AAPL,0.42
2020-11-05,AAPL,0.4302
2020-11-06,AAPL,0.4181
2020-11-09,AAPL,0.4177
2020-11-10,AAPL,0.4171
2020-11-11,AAPL,0.4239
2020-11-12,AAPL,0.4235
2020-11-13,AAPL,0.4116
2020-11-16,AAPL,0.4031
2020-11-17,AAPL,0.394
2020-11-18,AAPL,0.3933
2020-11-19,AAPL,0.3934
2020-11-20,AAPL,0.3919
2020-11-23,AAPL,0.3528
2020-11-24,AAPL,0.3476
2020-11-25,AAPL,0.3485
2020-11-27,AAPL,0.3488
2020-11-30,AAPL,0.3522
2020-12-01,AAPL,0.3541
2020-12-02,AAPL,0.3526
2020-12-03,AAPL,0.352
2020-12-04,AAPL,0.3511
2020-12-07,AAPL,0.3514
2020-12-08,AAPL,0.3514
2020-12-09,AAPL,0.3564
2020-12-10,AAPL,0.327
2020-12-11,AAPL,0.3125
2020-12-14,AAPL,0.2605
2020-12-15,AAPL,0.2923
2020-12-16,AAPL,0.2913
2020-12-17,AAPL,0.271
2020-12-18,AAPL,0.2598
2020-12-21,AAPL,0.2612
2020-12-22,AAPL,0.2624
2020-12-23,AAPL,0.2636
2020-12-24,AAPL,0.252
2020-12-28,AAPL,0.2681
2020-12-29,AAPL,0.2729
2020-12-30,AAPL,0.275
2020-01-02,JPM,0.5453
2020-01-03,JPM,0.5453
2020-01-06,JPM,0.5453
2020-01-07,JPM,0.5453
2020-01-08,JPM,0.5453
2020-01-09,JPM,0.5453
2020-01-10,JPM,0.5453
2020-01-13,JPM,0.5453
2020-01-14,JPM,0.5453
2020-01-15,JPM,0.5453
2020-01-16,JPM,0.5453
2020-01-17,JPM,0.5453
2020-01-21,JPM,0.5453
2020-01-22,JPM,0.5453
2020-01-23,JPM,0.5453
2020-01-24,JPM,0.5453
2020-01-27,JPM,0.5453
2020-01-28,JPM,0.5453
2020-01-29,JPM,0.5453
2020-01-30,JPM,0.5453
2020-01-31,JPM,0.5453
2020-02-03,JPM,0.5453
2020-02-04,JPM,0.5453
2020-02-05,JPM,0.5453
2020-02-06,JPM,0.5453
2020-02-07,JPM,0.5453
2020-02-10,JPM,0.5453
2020-02-11,JPM,0.5453
2020-02-12,JPM,0.5453
2020-02-13,JPM,0.5453
2020-02-14,JPM,0.1784
2020-02-18,JPM,0.1784
2020-02-19,JPM,0.1831
2020-02-20,JPM,0.176
2020-02-21,JPM,0.1783
2020-02-24,JPM,0.1938
2020-02-25,JPM,0.23
2020-02-26,JPM,0.2284
2020-02-27,JPM,0.2507
2020-02-28,JPM,0.2736
2020-03-02,JPM,0.3114
2020-03-03,JPM,0.3244
2020-03-04,JPM,0.3355
2020-03-05,JPM,0.3596
2020-03-06,JPM,0.383
2020-03-09,JPM,0.5318
2020-03-10,JPM,0.591
2020-03-11,JPM,0.5958
2020-03-12,JPM,0.6304
2020-03-13,JPM,0.8416
2020-03-16,JPM,0.9361
2020-03-17,JPM,0.9582
2020-03-18,JPM,0.994
2020-03-19,JPM,0.9939
2020-03-20,JPM,0.9932
2020-03-23,JPM,0.9989
2020-03-24,JPM,1.072
2020-03-25,JPM,1.081
2020-03-26,JPM,1.1059
2020-03-27,JPM,1.1202
2020-03-30,JPM,1.1252
2020-03-31,JPM,1.1278
2020-04-01,JPM,1.135
2020-04-02,JPM,1.1441
2020-04-03,JPM,1.1451
2020-04-06,JPM,1.1659
2020-04-07,JPM,1.163
2020-04-08,JPM,1.1711
2020-04-09,JPM,1.1987
2020-04-13,JPM,1.1991
2020-04-14,JPM,1.1919
2020-04-15,JPM,1.1952
2020-04-16,JPM,1.1954
2020-04-17,JPM,1.2209
2020-04-20,JPM,1.2164
2020-04-21,JPM,1.1525
2020-04-22,JPM,1.1296
2020-04-23,JPM,1.1212
2020-04-24,JPM,1.0939
2020-04-27,JPM,0.9664
2020-04-28,JPM,0.8575
2020-04-29,JPM,0.8434
2020-04-30,JPM,0.7826
2020-05-01,JPM,0.7873
2020-05-04,JPM,0.7852
2020-05-05,JPM,0.7658
2020-05-06,JPM,0.6905
2020-05-07,JPM,0.6829
2020-05-08,JPM,0.6531
2020-05-11,JPM,0.6245
2020-05-12,JPM,0.627
2020-05-13,JPM,0.6257
2020-05-14,JPM,0.6092
2020-05-15,JPM,0.6027
2020-05-18,JPM,0.6144
2020-05-19,JPM,0.5894
2020-05-20,JPM,0.5946
2020-05-21,JPM,0.5838
2020-05-22,JPM,0.5169
2020-05-26,JPM,0.546
2020-05-27,JPM,0.5648
2020-05-28,JPM,0.5458
2020-05-29,JPM,0.5386
2020-06-01,JPM,0.4746
2020-06-02,JPM,0.4607
2020-06-03,JPM,0.4733
2020-06-04,JPM,0.4753
2020-06-05,JPM,0.4879
2020-06-08,JPM,0.4888
2020-06-09,JPM,0.4864
2020-06-10,JPM,0.5044
2020-06-11,JPM,0.5594
2020-06-12,JPM,0.5607
2020-06-15,JPM,0.5552
2020-06-16,JPM,0.5534
2020-06-17,JPM,0.5597
2020-06-18,JPM,0.5565
2020-06-19,JPM,0.5578
2020-06-22,JPM,0.5577
2020-06-23,JPM,0.5503
2020-06-24,JPM,0.5507
2020-06-25,JPM,0.5459
2020-06-26,JPM,0.5621
2020-06-29,JPM,0.5586
2020-06-30,JPM,0.5391
2020-07-01,JPM,0.5362
2020-07-02,JPM,0.5297
2020-07-06,JPM,0.5324
2020-07-07,JPM,0.5391
2020-07-08,JPM,0.4988
2020-07-09,JPM,0.4709
2020-07-10,JPM,0.4977
2020-07-13,JPM,0.4936
2020-07-14,JPM,0.4925
2020-07-15,JPM,0.4943
2020-07-16,JPM,0.4683
2020-07-17,JPM,0.4665
2020-07-20,JPM,0.445
2020-07-21,JPM,0.4458
2020-07-22,JPM,0.4411
2020-07-23,JPM,0.4268
2020-07-24,JPM,0.35
2020-07-27,JPM,0.3434
2020-07-28,JPM,0.341
2020-07-29,JPM,0.3479
2020-07-30,JPM,0.3488
2020-07-31,JPM,0.3486
2020-08-03,JPM,0.3474
2020-08-04,JPM,0.3463
2020-08-05,JPM,0.3482
2020-08-06,JPM,0.3332
2020-08-07,JPM,0.324
2020-08-10,JPM,0.2788
2020-08-11,JPM,0.2907
2020-08-12,JPM,0.2921
2020-08-13,JPM,0.2912
2020-08-14,JPM,0.2913
2020-08-17,JPM,0.2962
2020-08-18,JPM,0.2864
2020-08-19,JPM,0.2853
2020-08-20,JPM,0.2796
2020-08-21,JPM,0.2314
2020-08-24,JPM,0.2418
2020-08-25,JPM,0.2416
2020-08-26,JPM,0.2413
2020-08-27,JPM,0.2595
2020-08-28,JPM,0.253
2020-08-31,JPM,0.2631
2020-09-01,JPM,0.2558
2020-09-02,JPM,0.2582
2020-09-03,JPM,0.2584
2020-09-04,JPM,0.264
2020-09-08,JPM,0.2811
2020-09-09,JPM,0.282
2020-09-10,JPM,0.2754
2020-09-11,JPM,0.2653
2020-09-14,JPM,0.2672
2020-09-15,JPM,0.2833
2020-09-16,JPM,0.2827
2020-09-17,JPM,0.281
2020-09-18,JPM,0.2811
2020-09-21,JPM,0.2877
2020-09-22,JPM,0.2859
2020-09-23,JPM,0.2702
2020-09-24,JPM,0.27
2020-09-25,JPM,0.2721
2020-09-28,JPM,0.2871
2020-09-29,JPM,0.2784
2020-09-30,JPM,0.2775
2020-10-01,JPM,0.2784
2020-10-02,JPM,0.2775
2020-10-05,JPM,0.284
2020-10-06,JPM,0.2738
2020-10-07,JPM,0.2783
2020-10-08,JPM,0.281
2020-10-09,JPM,0.2651
2020-10-12,JPM,0.2672
2020-10-13,JPM,0.261
2020-10-14,JPM,0.2617
2020-10-15,JPM,0.2616
2020-10-16,JPM,0.2615
2020-10-19,JPM,0.2582
2020-10-20,JPM,0.2378
2020-10-21,JPM,0.2381
2020-10-22,JPM,0.2571
2020-10-23,JPM,0.256
2020-10-26,JPM,0.2639
2020-10-27,JPM,0.2535
2020-10-28,JPM,0.2663
2020-10-29,JPM,0.265
2020-10-30,JPM,0.2662
2020-11-02,JPM,0.2566
2020-11-03,JPM,0.2671
2020-11-04,JPM,0.2793
2020-11-05,JPM,0.2997
2020-11-06,JPM,0.3037
2020-11-09,JPM,0.4839
2020-11-10,JPM,0.4827
2020-11-11,JPM,0.487
2020-11-12,JPM,0.49
2020-11-13,JPM,0.4899
2020-11-16,JPM,0.4922
2020-11-17,JPM,0.4922
2020-11-18,JPM,0.4925
2020-11-19,JPM,0.4904
2020-11-20,JPM,0.491
2020-11-23,JPM,0.4956
2020-11-24,JPM,0.5051
2020-11-25,JPM,0.5064
2020-11-27,JPM,0.5074
2020-11-30,JPM,0.5163
2020-12-01,JPM,0.5127
2020-12-02,JPM,0.514
2020-12-03,JPM,0.5131
2020-12-04,JPM,0.5062
2020-12-07,JPM,0.5069
2020-12-08,JPM,0.4989
2020-12-09,JPM,0.4949
2020-12-10,JPM,0.4855
2020-12-11,JPM,0.4871
2020-12-14,JPM,0.4898
2020-12-15,JPM,0.4885
2020-12-16,JPM,0.4828
2020-12-17,JPM,0.4725
2020-12-18,JPM,0.4619
2020-12-21,JPM,0.4681
2020-12-22,JPM,0.2688
2020-12-23,JPM,0.279
2020-12-24,JPM,0.275
2020-12-28,JPM,0.2713
2020-12-29,JPM,0.2718
2020-12-30,JPM,0.2612
2020-01-02,TSLA,0.8964
2020-01-03,TSLA,0.8964
2020-01-06,TSLA,0.8964
2020-01-07,TSLA,0.8964
2020-01-08,TSLA,0.8964
2020-01-09,TSLA,0.8964
2020-01-10,TSLA,0.8964
2020-01-13,TSLA,0.8964
2020-01-14,TSLA,0.8964
2020-01-15,TSLA,0.8964
2020-01-16,TSLA,0.8964
2020-01-17,TSLA,0.8964
2020-01-21,TSLA,0.8964
2020-01-22,TSLA,0.8964
2020-01-23,TSLA,0.8964
2020-01-24,TSLA,0.8964
2020-01-27,TSLA,0.8964
2020-01-28,TSLA,0.8964
2020-01-29,TSLA,0.8964
2020-01-30,TSLA,0.8964
2020-01-31,TSLA,0.8964
2020-02-03,TSLA,0.8964
2020-02-04,TSLA,0.8964
2020-02-05,TSLA,0.8964
2020-02-06,TSLA,0.8964
2020-02-07,TSLA,0.8964
2020-02-10,TSLA,0.8964
2020-02-11,TSLA,0.8964
2020-02-12,TSLA,0.8964
2020-02-13,TSLA,0.8964
2020-02-14,TSLA,0.988
2020-02-18,TSLA,0.9985
2020-02-19,TSLA,1.0067
2020-02-20,TSLA,1.0144
2020-02-21,TSLA,1.0134
2020-02-24,TSLA,1.0444
2020-02-25,TSLA,1.0567
2020-02-26,TSLA,1.0378
2020-02-27,TSLA,1.1172
2020-02-28,TSLA,1.1116
2020-03-02,TSLA,1.1483
2020-03-03,TSLA,1.1472
2020-03-04,TSLA,1.1348
2020-03-05,TSLA,1.1393
2020-03-06,TSLA,1.145
2020-03-09,TSLA,1.2188
2020-03-10,TSLA,1.2282
2020-03-11,TSLA,1.2301
2020-03-12,TSLA,1.2789
2020-03-13,TSLA,1.2444
2020-03-16,TSLA,1.3515
2020-03-17,TSLA,1.2001
2020-03-18,TSLA,1.178
2020-03-19,TSLA,1.2463
2020-03-20,TSLA,1.2429
2020-03-23,TSLA,1.2456
2020-03-24,TSLA,1.3426
2020-03-25,TSLA,1.3612
2020-03-26,TSLA,1.3617
2020-03-27,TSLA,1.3518
2020-03-30,TSLA,1.3522
2020-03-31,TSLA,1.3387
2020-04-01,TSLA,1.3298
2020-04-02,TSLA,1.3344
2020-04-03,TSLA,1.351
2020-04-06,TSLA,1.3656
2020-04-07,TSLA,1.377
2020-04-08,TSLA,1.3767
2020-04-09,TSLA,1.3359
2020-04-13,TSLA,1.3936
2020-04-14,TSLA,1.3795
2020-04-15,TSLA,1.3815
2020-04-16,TSLA,1.3825
2020-04-17,TSLA,1.3782
2020-04-20,TSLA,1.3752
2020-04-21,TSLA,1.3343
2020-04-22,TSLA,1.336
2020-04-23,TSLA,1.3402
2020-04-24,TSLA,1.2891
2020-04-27,TSLA,1.3097
2020-04-28,TSLA,1.1746
2020-04-29,TSLA,1.1643
2020-04-30,TSLA,1.0371
2020-05-01,TSLA,0.995
2020-05-04,TSLA,1.0118
2020-05-05,TSLA,1.0123
2020-05-06,TSLA,0.9189
2020-05-07,TSLA,0.9073
2020-05-08,TSLA,0.9072
2020-05-11,TSLA,0.9018
2020-05-12,TSLA,0.8955
2020-05-13,TSLA,0.8994
2020-05-14,TSLA,0.8518
2020-05-15,TSLA,0.8252
2020-05-18,TSLA,0.8182
2020-05-19,TSLA,0.8035
2020-05-20,TSLA,0.7945
2020-05-21,TSLA,0.7941
2020-05-22,TSLA,0.7932
2020-05-26,TSLA,0.7025
2020-05-27,TSLA,0.6583
2020-05-28,TSLA,0.6581
2020-05-29,TSLA,0.6629
2020-06-01,TSLA,0.6939
2020-06-02,TSLA,0.6961
2020-06-03,TSLA,0.6465
2020-06-04,TSLA,0.629
2020-06-05,TSLA,0.6179
2020-06-08,TSLA,0.6433
2020-06-09,TSLA,0.5836
2020-06-10,TSLA,0.6167
2020-06-11,TSLA,0.6344
2020-06-12,TSLA,0.6424
2020-06-15,TSLA,0.5695
2020-06-16,TSLA,0.5283
2020-06-17,TSLA,0.5283
2020-06-18,TSLA,0.5276
2020-06-19,TSLA,0.5275
2020-06-22,TSLA,0.5142
2020-06-23,TSLA,0.5117
2020-06-24,TSLA,0.53
2020-06-25,TSLA,0.5257
2020-06-26,TSLA,0.5344
2020-06-29,TSLA,0.5489
2020-06-30,TSLA,0.5766
2020-07-01,TSLA,0.5793
2020-07-02,TSLA,0.6118
2020-07-06,TSLA,0.705
2020-07-07,TSLA,0.6991
2020-07-08,TSLA,0.7054
2020-07-09,TSLA,0.7037
2020-07-10,TSLA,0.7404
2020-07-13,TSLA,0.7553
2020-07-14,TSLA,0.7373
2020-07-15,TSLA,0.7289
2020-07-16,TSLA,0.7411
2020-07-17,TSLA,0.7337
2020-07-20,TSLA,0.7653
2020-07-21,TSLA,0.7738
2020-07-22,TSLA,0.7694
2020-07-23,TSLA,0.7639
2020-07-24,TSLA,0.774
2020-07-27,TSLA,0.7854
2020-07-28,TSLA,0.7931
2020-07-29,TSLA,0.79
2020-07-30,TSLA,0.7927
2020-07-31,TSLA,0.8074
2020-08-03,TSLA,0.809
2020-08-04,TSLA,0.8075
2020-08-05,TSLA,0.8086
2020-08-06,TSLA,0.7924
2020-08-07,TSLA,0.8003
2020-08-10,TSLA,0.799
2020-08-11,TSLA,0.8014
2020-08-12,TSLA,0.858
2020-08-13,TSLA,0.8595
2020-08-14,TSLA,0.8368
2020-08-17,TSLA,0.8099
2020-08-18,TSLA,0.8114
2020-08-19,TSLA,0.8083
2020-08-20,TSLA,0.8229
2020-08-21,TSLA,0.7737
2020-08-24,TSLA,0.7684
2020-08-25,TSLA,0.7686
2020-08-26,TSLA,0.7838
2020-08-27,TSLA,0.7775
2020-08-28,TSLA,0.7801
2020-08-31,TSLA,0.8124
2020-09-01,TSLA,0.8132
2020-09-02,TSLA,0.8406
2020-09-03,TSLA,0.8742
2020-09-04,TSLA,0.8459
2020-09-08,TSLA,1.0415
2020-09-09,TSLA,1.075
2020-09-10,TSLA,1.0749
2020-09-11,TSLA,1.0738
2020-09-14,TSLA,1.1146
2020-09-15,TSLA,1.1248
2020-09-16,TSLA,1.1284
2020-09-17,TSLA,1.1397
2020-09-18,TSLA,1.1423
2020-09-21,TSLA,1.1358
2020-09-22,TSLA,1.1498
2020-09-23,TSLA,1.1938
2020-09-24,TSLA,1.141
2020-09-25,TSLA,1.1431
2020-09-28,TSLA,1.145
2020-09-29,TSLA,1.1046
2020-09-30,TSLA,1.1039
2020-10-01,TSLA,1.1088
2020-10-02,TSLA,1.1198
2020-10-05,TSLA,1.12
2020-10-06,TSLA,1.122
2020-10-07,TSLA,1.1242
2020-10-08,TSLA,1.1097
2020-10-09,TSLA,1.1052
2020-10-12,TSLA,1.1057
2020-10-13,TSLA,1.0426
2020-10-14,TSLA,1.0381
2020-10-15,TSLA,1.0264
2020-10-16,TSLA,0.9911
2020-10-19,TSLA,0.991
2020-10-20,TSLA,0.7616
2020-10-21,TSLA,0.7003
2020-10-22,TSLA,0.6999
2020-10-23,TSLA,0.7018
2020-10-26,TSLA,0.6011
2020-10-27,TSLA,0.5631
2020-10-28,TSLA,0.5748
2020-10-29,TSLA,0.5637
2020-10-30,TSLA,0.5692
2020-11-02,TSLA,0.5758
2020-11-03,TSLA,0.5801
2020-11-04,TSLA,0.4901
2020-11-05,TSLA,0.4997
2020-11-06,TSLA,0.4845
2020-11-09,TSLA,0.4791
2020-11-10,TSLA,0.4849
2020-11-11,TSLA,0.4822
2020-11-12,TSLA,0.4639
2020-11-13,TSLA,0.4123
2020-11-16,TSLA,0.405
2020-11-17,TSLA,0.4633
2020-11-18,TSLA,0.5418
2020-11-19,TSLA,0.5451
2020-11-20,TSLA,0.5484
2020-11-23,TSLA,0.5752
2020-11-24,TSLA,0.5993
2020-11-25,TSLA,0.5996
2020-11-27,TSLA,0.5913
2020-11-30,TSLA,0.5967
2020-12-01,TSLA,0.593
2020-12-02,TSLA,0.5964
2020-12-03,TSLA,0.603
2020-12-04,TSLA,0.6029
2020-12-07,TSLA,0.622
2020-12-08,TSLA,0.6202
2020-12-09,TSLA,0.6676
2020-12-10,TSLA,0.649
2020-12-11,TSLA,0.6607
2020-12-14,TSLA,0.6339
2020-12-15,TSLA,0.6373
2020-12-16,TSLA,0.6312
2020-12-17,TSLA,0.6381
2020-12-18,TSLA,0.6469
2020-12-21,TSLA,0.6817
2020-12-22,TSLA,0.6794
2020-12-23,TSLA,0.6686
2020-12-24,TSLA,0.669
2020-12-28,TSLA,0.6646
2020-12-29,TSLA,0.6617
2020-12-30,TSLA,0.6635
2020-01-02,XOM,0.5301
2020-01-03,XOM,0.5301
2020-01-06,XOM,0.5301
2020-01-07,XOM,0.5301
2020-01-08,XOM,0.5301
2020-01-09,XOM,0.5301
2020-01-10,XOM,0.5301
2020-01-13,XOM,0.5301
2020-01-14,XOM,0.5301
2020-01-15,XOM,0.5301
2020-01-16,XOM,0.5301
2020-01-17,XOM,0.5301
2020-01-21,XOM,0.5301
2020-01-22,XOM,0.5301
2020-01-23,XOM,0.5301
2020-01-24,XOM,0.5301
2020-01-27,XOM,0.5301
2020-01-28,XOM,0.5301
2020-01-29,XOM,0.5301
2020-01-30,XOM,0.5301
2020-01-31,XOM,0.5301
2020-02-03,XOM,0.5301
2020-02-04,XOM,0.5301
2020-02-05,XOM,0.5301
2020-02-06,XOM,0.5301
2020-02-07,XOM,0.5301
2020-02-10,XOM,0.5301
2020-02-11,XOM,0.5301
2020-02-12,XOM,0.5301
2020-02-13,XOM,0.5301
2020-02-14,XOM,0.2338
2020-02-18,XOM,0.2348
2020-02-19,XOM,0.2348
2020-02-20,XOM,0.2348
2020-02-21,XOM,0.2338
2020-02-24,XOM,0.2607
2020-02-25,XOM,0.2765
2020-02-26,XOM,0.2748
2020-02-27,XOM,0.3129
2020-02-28,XOM,0.3359
2020-03-02,XOM,0.3736
2020-03-03,XOM,0.3914
2020-03-04,XOM,0.4009
2020-03-05,XOM,0.4145
2020-03-06,XOM,0.4297
2020-03-09,XOM,0.5381
2020-03-10,XOM,0.5572
2020-03-11,XOM,0.5594
2020-03-12,XOM,0.6311
2020-03-13,XOM,0.6381
2020-03-16,XOM,0.6746
2020-03-17,XOM,0.7182
2020-03-18,XOM,0.7593
2020-03-19,XOM,0.7548
2020-03-20,XOM,0.7599
2020-03-23,XOM,0.7611
2020-03-24,XOM,0.8727
2020-03-25,XOM,0.892
2020-03-26,XOM,0.9034
2020-03-27,XOM,0.9085
2020-03-30,XOM,0.9122
2020-03-31,XOM,0.9155
2020-04-01,XOM,0.9133
2020-04-02,XOM,0.9503
2020-04-03,XOM,0.9518
2020-04-06,XOM,0.954
2020-04-07,XOM,0.9533
2020-04-08,XOM,0.9737
2020-04-09,XOM,0.9601
2020-04-13,XOM,0.9543
2020-04-14,XOM,0.9416
2020-04-15,XOM,0.9408
2020-04-16,XOM,0.9401
2020-04-17,XOM,0.9874
2020-04-20,XOM,0.9869
2020-04-21,XOM,0.9201
2020-04-22,XOM,0.9175
2020-04-23,XOM,0.916
2020-04-24,XOM,0.8461
2020-04-27,XOM,0.8442
2020-04-28,XOM,0.7887
2020-04-29,XOM,0.7819
2020-04-30,XOM,0.7161
2020-05-01,XOM,0.751
2020-05-04,XOM,0.7359
2020-05-05,XOM,0.721
2020-05-06,XOM,0.6399
2020-05-07,XOM,0.626
2020-05-08,XOM,0.6274
2020-05-11,XOM,0.6078
2020-05-12,XOM,0.6115
2020-05-13,XOM,0.6326
2020-05-14,XOM,0.6308
2020-05-15,XOM,0.5945
2020-05-18,XOM,0.6264
2020-05-19,XOM,0.6304
2020-05-20,XOM,0.6344
2020-05-21,XOM,0.6123
2020-05-22,XOM,0.6099
2020-05-26,XOM,0.6138
2020-05-27,XOM,0.6129
2020-05-28,XOM,0.6013
2020-05-29,XOM,0.5907
2020-06-01,XOM,0.5148
2020-06-02,XOM,0.4944
2020-06-03,XOM,0.5034
2020-06-04,XOM,0.5001
2020-06-05,XOM,0.5409
2020-06-08,XOM,0.5451
2020-06-09,XOM,0.5524
2020-06-10,XOM,0.578
2020-06-11,XOM,0.6183
2020-06-12,XOM,0.6177
2020-06-15,XOM,0.5772
2020-06-16,XOM,0.5698
2020-06-17,XOM,0.5793
2020-06-18,XOM,0.5758
2020-06-19,XOM,0.5798
2020-06-22,XOM,0.5669
2020-06-23,XOM,0.5661
2020-06-24,XOM,0.5815
2020-06-25,XOM,0.5625
2020-06-26,XOM,0.5725
2020-06-29,XOM,0.5733
2020-06-30,XOM,0.5254
2020-07-01,XOM,0.5217
2020-07-02,XOM,0.5133
2020-07-06,XOM,0.5111
2020-07-07,XOM,0.5167
2020-07-08,XOM,0.5089
2020-07-09,XOM,0.5209
2020-07-10,XOM,0.5255
2020-07-13,XOM,0.5245
2020-07-14,XOM,0.5312
2020-07-15,XOM,0.5283
2020-07-16,XOM,0.5131
2020-07-17,XOM,0.5147
2020-07-20,XOM,0.4507
2020-07-21,XOM,0.4681
2020-07-22,XOM,0.4684
2020-07-23,XOM,0.4469
2020-07-24,XOM,0.3699
2020-07-27,XOM,0.3668
2020-07-28,XOM,0.3678
2020-07-29,XOM,0.3626
2020-07-30,XOM,0.3772
2020-07-31,XOM,0.3769
2020-08-03,XOM,0.3741
2020-08-04,XOM,0.3836
2020-08-05,XOM,0.3842
2020-08-06,XOM,0.3596
2020-08-07,XOM,0.3568
2020-08-10,XOM,0.3499
2020-08-11,XOM,0.3481
2020-08-12,XOM,0.3472
2020-08-13,XOM,0.3484
2020-08-14,XOM,0.3478
2020-08-17,XOM,0.3492
2020-08-18,XOM,0.3411
2020-08-19,XOM,0.3426
2020-08-20,XOM,0.3231
2020-08-21,XOM,0.3108
2020-08-24,XOM,0.3227
2020-08-25,XOM,0.3205
2020-08-26,XOM,0.3224
2020-08-27,XOM,0.3223
2020-08-28,XOM,0.3283
2020-08-31,XOM,0.3257
2020-09-01,XOM,0.2876
2020-09-02,XOM,0.2815
2020-09-03,XOM,0.2811
2020-09-04,XOM,0.281
2020-09-08,XOM,0.282
2020-09-09,XOM,0.2811
2020-09-10,XOM,0.284
2020-09-11,XOM,0.2514
2020-09-14,XOM,0.2502
2020-09-15,XOM,0.2498
2020-09-16,XOM,0.268
2020-09-17,XOM,0.2655
2020-09-18,XOM,0.2678
2020-09-21,XOM,0.2717
2020-09-22,XOM,0.2624
2020-09-23,XOM,0.2672
2020-09-24,XOM,0.2668
2020-09-25,XOM,0.2668
2020-09-28,XOM,0.2757
2020-09-29,XOM,0.2829
2020-09-30,XOM,0.2839
2020-10-01,XOM,0.2952
2020-10-02,XOM,0.2945
2020-10-05,XOM,0.3073
2020-10-06,XOM,0.2881
2020-10-07,XOM,0.2804
2020-10-08,XOM,0.3246
2020-10-09,XOM,0.326
2020-10-12,XOM,0.315
2020-10-13,XOM,0.3131
2020-10-14,XOM,0.3123
2020-10-15,XOM,0.3147
2020-10-16,XOM,0.3151
2020-10-19,XOM,0.3181
2020-10-20,XOM,0.3156
2020-10-21,XOM,0.3175
2020-10-22,XOM,0.3496
2020-10-23,XOM,0.3536
2020-10-26,XOM,0.3589
2020-10-27,XOM,0.3602
2020-10-28,XOM,0.3471
2020-10-29,XOM,0.3761
2020-10-30,XOM,0.3749
2020-11-02,XOM,0.3945
2020-11-03,XOM,0.3912
2020-11-04,XOM,0.3808
2020-11-05,XOM,0.3808
2020-11-06,XOM,0.3808
2020-11-09,XOM,0.5297
2020-11-10,XOM,0.5243
2020-11-11,XOM,0.5259
2020-11-12,XOM,0.5254
2020-11-13,XOM,0.5283
2020-11-16,XOM,0.5481
2020-11-17,XOM,0.5464
2020-11-18,XOM,0.5611
2020-11-19,XOM,0.5426
2020-11-20,XOM,0.542
2020-11-23,XOM,0.5706
2020-11-24,XOM,0.5944
2020-11-25,XOM,0.603
2020-11-27,XOM,0.6065
2020-11-30,XOM,0.6277
2020-12-01,XOM,0.6232
2020-12-02,XOM,0.6297
2020-12-03,XOM,0.6259
2020-12-04,XOM,0.6184
2020-12-07,XOM,0.6179
2020-12-08,XOM,0.6148
2020-12-09,XOM,0.6101
2020-12-10,XOM,0.5944
2020-12-11,XOM,0.5887
2020-12-14,XOM,0.6013
2020-12-15,XOM,0.5944
2020-12-16,XOM,0.5893
2020-12-17,XOM,0.5892
2020-12-18,XOM,0.5936
2020-12-21,XOM,0.596
2020-12-22,XOM,0.4865
2020-12-23,XOM,0.4844
2020-12-24,XOM,0.4831
2020-12-28,XOM,0.4687
2020-12-29,XOM,0.4681
2020-12-30,XOM,0.4408
2020-01-02,F,0.5661
2020-01-03,F,0.5661
2020-01-06,F,0.5661
2020-01-07,F,0.5661
2020-01-08,F,0.5661
2020-01-09,F,0.5661
2020-01-10,F,0.5661
2020-01-13,F,0.5661
2020-01-14,F,0.5661
2020-01-15,F,0.5661
2020-01-16,F,0.5661
2020-01-17,F,0.5661
2020-01-21,F,0.5661
2020-01-22,F,0.5661
2020-01-23,F,0.5661
2020-01-24,F,0.5661
2020-01-27,F,0.5661
2020-01-28,F,0.5661
2020-01-29,F,0.5661
2020-01-30,F,0.5661
2020-01-31,F,0.5661
2020-02-03,F,0.5661
2020-02-04,F,0.5661
2020-02-05,F,0.5661
2020-02-06,F,0.5661
2020-02-07,F,0.5661
2020-02-10,F,0.5661
2020-02-11,F,0.5661
2020-02-12,F,0.5661
2020-02-13,F,0.5661
2020-02-14,F,0.318
2020-02-18,F,0.3133
2020-02-19,F,0.3135
2020-02-20,F,0.3117
2020-02-21,F,0.3139
2020-02-24,F,0.3302
2020-02-25,F,0.3485
2020-02-26,F,0.3483
2020-02-27,F,0.3539
2020-02-28,F,0.3545
2020-03-02,F,0.3754
2020-03-03,F,0.3816
2020-03-04,F,0.386
2020-03-05,F,0.403
2020-03-06,F,0.4103
2020-03-09,F,0.4719
2020-03-10,F,0.5184
2020-03-11,F,0.5323
2020-03-12,F,0.5781
2020-03-13,F,0.6102
2020-03-16,F,0.6691
2020-03-17,F,0.6626
2020-03-18,F,0.6933
2020-03-19,F,0.6598
2020-03-20,F,0.6595
2020-03-23,F,0.6774
2020-03-24,F,1.0062
2020-03-25,F,1.0487
2020-03-26,F,1.0458
2020-03-27,F,1.045
2020-03-30,F,1.0461
2020-03-31,F,1.0485
2020-04-01,F,1.0698
2020-04-02,F,1.0683
2020-04-03,F,1.0686
2020-04-06,F,1.0953
2020-04-07,F,1.1025
2020-04-08,F,1.1264
2020-04-09,F,1.1458
2020-04-13,F,1.1496
2020-04-14,F,1.147
2020-04-15,F,1.1512
2020-04-16,F,1.1492
2020-04-17,F,1.1506
2020-04-20,F,1.1487
2020-04-21,F,1.126
2020-04-22,F,1.1088
2020-04-23,F,1.1018
2020-04-24,F,1.0689
2020-04-27,F,1.0732
2020-04-28,F,1.0277
2020-04-29,F,1.0305
2020-04-30,F,0.9876
2020-05-01,F,0.9936
2020-05-04,F,0.989
2020-05-05,F,0.9607
2020-05-06,F,0.6851
2020-05-07,F,0.6316
2020-05-08,F,0.667
2020-05-11,F,0.6696
2020-05-12,F,0.6683
2020-05-13,F,0.6757
2020-05-14,F,0.6279
2020-05-15,F,0.6267
2020-05-18,F,0.6591
2020-05-19,F,0.6345
2020-05-20,F,0.6328
2020-05-21,F,0.6081
2020-05-22,F,0.5779
2020-05-26,F,0.571
2020-05-27,F,0.5737
2020-05-28,F,0.5604
2020-05-29,F,0.5629
2020-06-01,F,0.5594
2020-06-02,F,0.5508
2020-06-03,F,0.5446
2020-06-04,F,0.5643
2020-06-05,F,0.6416
2020-06-08,F,0.64
2020-06-09,F,0.6429
2020-06-10,F,0.6692
2020-06-11,F,0.7349
2020-06-12,F,0.7381
2020-06-15,F,0.7272
2020-06-16,F,0.7241
2020-06-17,F,0.7345
2020-06-18,F,0.7299
2020-06-19,F,0.7332
2020-06-22,F,0.7054
2020-06-23,F,0.7046
2020-06-24,F,0.7069
2020-06-25,F,0.6845
2020-06-26,F,0.6845
2020-06-29,F,0.6849
2020-06-30,F,0.6462
2020-07-01,F,0.649
2020-07-02,F,0.6427
2020-07-06,F,0.6421
2020-07-07,F,0.6436
2020-07-08,F,0.6376
2020-07-09,F,0.6428
2020-07-10,F,0.6492
2020-07-13,F,0.645
2020-07-14,F,0.6553
2020-07-15,F,0.6753
2020-07-16,F,0.6636
2020-07-17,F,0.6419
2020-07-20,F,0.5436
2020-07-21,F,0.5372
2020-07-22,F,0.5322
2020-07-23,F,0.5062
2020-07-24,F,0.409
2020-07-27,F,0.3812
2020-07-28,F,0.3819
2020-07-29,F,0.3843
2020-07-30,F,0.3788
2020-07-31,F,0.3839
2020-08-03,F,0.3813
2020-08-04,F,0.3868
2020-08-05,F,0.3813
2020-08-06,F,0.366
2020-08-07,F,0.3678
2020-08-10,F,0.3695
2020-08-11,F,0.3703
2020-08-12,F,0.3759
2020-08-13,F,0.3735
2020-08-14,F,0.3733
2020-08-17,F,0.3714
2020-08-18,F,0.372
2020-08-19,F,0.3716
2020-08-20,F,0.3471
2020-08-21,F,0.3386
2020-08-24,F,0.3612
2020-08-25,F,0.3367
2020-08-26,F,0.2956
2020-08-27,F,0.2936
2020-08-28,F,0.2925
2020-08-31,F,0.2905
2020-09-01,F,0.2905
2020-09-02,F,0.2866
2020-09-03,F,0.2856
2020-09-04,F,0.2847
2020-09-08,F,0.2892
2020-09-09,F,0.2884
2020-09-10,F,0.2871
2020-09-11,F,0.2784
2020-09-14,F,0.2748
2020-09-15,F,0.2762
2020-09-16,F,0.2672
2020-09-17,F,0.2846
2020-09-18,F,0.2851
2020-09-21,F,0.3203
2020-09-22,F,0.3064
2020-09-23,F,0.3046
2020-09-24,F,0.3021
2020-09-25,F,0.3068
2020-09-28,F,0.3188
2020-09-29,F,0.3201
2020-09-30,F,0.3197
2020-10-01,F,0.3224
2020-10-02,F,0.3279
2020-10-05,F,0.3219
2020-10-06,F,0.2913
2020-10-07,F,0.3084
2020-10-08,F,0.306
2020-10-09,F,0.3078
2020-10-12,F,0.3482
2020-10-13,F,0.3433
2020-10-14,F,0.3534
2020-10-15,F,0.351
2020-10-16,F,0.3449
2020-10-19,F,0.3466
2020-10-20,F,0.347
2020-10-21,F,0.3464
2020-10-22,F,0.3644
2020-10-23,F,0.3654
2020-10-26,F,0.3687
2020-10-27,F,0.3697
2020-10-28,F,0.3807
2020-10-29,F,0.3735
2020-10-30,F,0.3792
2020-11-02,F,0.3459
2020-11-03,F,0.3457
2020-11-04,F,0.3532
2020-11-05,F,0.3724
2020-11-06,F,0.3742
2020-11-09,F,0.3931
2020-11-10,F,0.3904
2020-11-11,F,0.3926
2020-11-12,F,0.3973
2020-11-13,F,0.4071
2020-11-16,F,0.4113
2020-11-17,F,0.4113
2020-11-18,F,0.4027
2020-11-19,F,0.4021
2020-11-20,F,0.4004
2020-11-23,F,0.3704
2020-11-24,F,0.4109
2020-11-25,F,0.4227
2020-11-27,F,0.423
2020-11-30,F,0.4235
2020-12-01,F,0.4219
2020-12-02,F,0.4213
2020-12-03,F,0.4208
2020-12-04,F,0.4042
2020-12-07,F,0.4062
2020-12-08,F,0.4016
2020-12-09,F,0.4004
2020-12-10,F,0.4061
2020-12-11,F,0.4044
2020-12-14,F,0.4
2020-12-15,F,0.4043
2020-12-16,F,0.4046
2020-12-17,F,0.3905
2020-12-18,F,0.3759
2020-12-21,F,0.3663
2020-12-22,F,0.3415
2020-12-23,F,0.3419
2020-12-24,F,0.3446
2020-12-28,F,0.3409
2020-12-29,F,0.3232
2020-12-30,F,0.3114
